F_ID,First_name,Last_name,Mobile_No,Email_ID,House_No,Street_Name,City,State,Zip
FAM1,Udale,Minty,7199676300,uminty0@gov.uk,AB-1,Ansari Nagar,New Delhi,New Delhi,110029
FAM2,Gare,Jerome,2561666211,gjerome1@blinklist.com,AB-2,Badarpur,New Delhi,New Delhi,110044
FAM3,Evita,Swalteridge,4480506987,eswalteridge2@cbc.ca,AB-3,Badli,New Delhi,New Delhi,110042
FAM4,Cosetta,Bullar,4792928197,cbullar3@meetup.com,AB-4,Bakoli,New Delhi,New Delhi,110036
FAM5,Mira,Melluish,9152949142,mmelluish4@slate.com,AB-5,Bawana,New Delhi,New Delhi,110039
FAM6,Cherise,Dulinty,8648168769,cdulinty5@aol.com,AB-6,Chawri Bazar,New Delhi,New Delhi,110006
FAM7,Daphna,Oates,9413126533,doates6@chicagotribune.com,AB-7,Chirag Delhi,New Delhi,New Delhi,110017
FAM8,Melosa,D'Ambrogi,3108788318,mdambrogi7@fotki.com,AB-8,Dabri,New Delhi,New Delhi,110045
FAM9,Hans,Sidwell,7064331207,hsidwell8@icio.us,AB-9,Darya Ganj,New Delhi,New Delhi,110002
FAM10,Sonny,Isselee,9146092519,sisselee9@ovh.net,AB-10,Delhi Cantt,New Delhi,New Delhi,110010
FAM11,Kirby,Corbert,8047104825,kcorberta@godaddy.com,AB-11,Gautam Nagar,New Delhi,New Delhi,110049
FAM12,Hagan,Alben,8284958696,halbenb@fema.gov,AB-12,Geeta Colony,New Delhi,New Delhi,110031
FAM13,Juieta,Tremelling,8051390812,jtremellingc@msu.edu,AB-13,Greater Kailash,New Delhi,New Delhi,110048
FAM14,Kenna,Coyte,4053903028,kcoyted@oaic.gov.au,AB-14,GTB Nagar,New Delhi,New Delhi,110009
FAM15,Royal,Mackrell,8657856557,rmackrelle@sphinn.com,AB-15,IIT,New Delhi,New Delhi,110016
FAM16,Rodie,Semor,8472223195,rsemorf@miitbeian.gov.cn,AB-16,Indra Puri,New Delhi,New Delhi,110012
FAM17,Riordan,Fitzsimmons,7208654525,rfitzsimmonsg@about.me,AB-17,Jahangir Puri,New Delhi,New Delhi,110033
FAM18,Gonzales,Adaway,3145518964,gadawayh@bandcamp.com,AB-18,Janpath,New Delhi,New Delhi,110001
FAM19,Clarabelle,Diglin,2107960807,cdiglini@tripod.com,AB-19,Kamla Nagar,New Delhi,New Delhi,110007
FAM20,Michelle,Pretor,8503134026,mpretorj@spotify.com,AB-20,Karam Pura,New Delhi,New Delhi,110015
FAM21,Shaylynn,Ennever,5629294717,senneverk@archive.org,AB-21,Karol Bagh,New Delhi,New Delhi,110005
FAM22,Georgianna,Jollye,2159123480,gjollyel@jalbum.net,AB-22,Keshav Puram,New Delhi,New Delhi,110035
FAM23,Jewelle,Wilkie,7575700932,jwilkiem@paypal.com,AB-23,Krishna Nagar,New Delhi,New Delhi,110051
FAM24,Millard,Twatt,3022521070,mtwattn@deviantart.com,AB-24,Lajpat Nagar,New Delhi,New Delhi,110024
FAM25,Saleem,Eyres,8142164467,seyreso@statcounter.com,AB-25,Lodi Colony,New Delhi,New Delhi,110003
FAM26,Eveleen,Gunn,9514913793,egunnp@usgs.gov,AB-26,Mandi,New Delhi,New Delhi,110047
FAM27,Michell,Lutwyche,7725161676,mlutwycheq@webmd.com,AB-27,Mehrauli,New Delhi,New Delhi,110030
FAM28,Arte,Western,5083897789,awesternr@4shared.com,AB-28,Moti Bagh,New Delhi,New Delhi,110021
FAM29,Kelby,Zima,4342773027,kzimas@wordpress.com,AB-29,Najafgarh,New Delhi,New Delhi,110043
FAM30,Marchelle,Squirrel,3041496122,msquirrelt@gnu.org,AB-30,Nangloi,New Delhi,New Delhi,110041
FAM31,Isidro,Pyecroft,9896135726,ipyecroftu@sina.com.cn,AB-31,Naraina Village & Industrial Area,New Delhi,New Delhi,110028
FAM32,Rhoda,Venning,5595820487,rvenningv@tripadvisor.com,AB-32,Narela,New Delhi,New Delhi,110040
FAM33,Constantino,Veighey,3126576226,cveigheyw@patch.com,AB-33,Nehru Place,New Delhi,New Delhi,110019
FAM34,Vincent,Balls,6153384859,vballsx@jugem.jp,AB-34,New Friends Colony,New Delhi,New Delhi,110025
FAM35,Izak,Renhard,8107579737,irenhardy@lycos.com,AB-35,Nirman Bhawan,New Delhi,New Delhi,110011
FAM36,Luciano,Weddeburn  Scrimgeour,5048513815,lweddeburnscrimgeourz@msn.com,AB-36,Palam Airport,New Delhi,New Delhi,110037
FAM37,Kevon,Cordle,8059548264,kcordle10@scientificamerican.com,AB-37,Patel Nagar,New Delhi,New Delhi,110008
FAM38,Robinett,Lemanu,6154261584,rlemanu11@irs.gov,AB-38,Pratap Market,New Delhi,New Delhi,110014
FAM39,Nady,Hawkins,5403641442,nhawkins12@springer.com,AB-39,Rajokari,New Delhi,New Delhi,110038
FAM40,Henri,Lukins,4237916751,hlukins13@mapy.cz,AB-40,Rajouri Garden,New Delhi,New Delhi,110027
FAM41,Min,Haldin,4171748806,mhaldin14@mac.com,AB-41,Rani Bagh,New Delhi,New Delhi,110034
FAM42,Giustino,Ballston,3183992948,gballston15@google.ru,AB-42,Rashtrapati Bhavan,New Delhi,New Delhi,110004
FAM43,Angelika,Gillaspy,2167064147,agillaspy16@wiley.com,AB-43,RK Puram,New Delhi,New Delhi,110022
FAM44,Meir,Asson,9408143322,masson17@aboutads.info,AB-44,Sagarpur,New Delhi,New Delhi,110046
FAM45,Carlin,Thelwll,8633591902,cthelwll18@jigsy.com,AB-45,Sarojini Nagar,New Delhi,New Delhi,110023
FAM46,Aridatha,Jumeau,7709076571,ajumeau19@netvibes.com,AB-46,Shivaji Park,New Delhi,New Delhi,110026
FAM47,Tiphanie,Smithies,8168239736,tsmithies1a@tamu.edu,AB-47,Shivaji Park,New Delhi,New Delhi,110032
FAM48,Reeba,Kinnier,6514036593,rkinnier1b@spotify.com,AB-48,Tekhand,New Delhi,New Delhi,110020
FAM49,Jimmy,Dosedale,4077412054,jdosedale1c@apple.com,AB-49,Tilak Nagar,New Delhi,New Delhi,110018
FAM50,Willyt,Grason,2027947887,wgrason1d@dailymotion.com,AB-50,Yusuf Sarai,New Delhi,New Delhi,110013